{
    "SNR_-20": {
        "validation_accuracy": 17.166666666666668
    },
    "SNR_-18": {
        "validation_accuracy": 18.208333333333332
    },
    "SNR_-16": {
        "validation_accuracy": 21.75
    },
    "SNR_-14": {
        "validation_accuracy": 28.541666666666668
    },
    "SNR_-12": {
        "validation_accuracy": 32.875
    },
    "SNR_-10": {
        "validation_accuracy": 43.083333333333336
    },
    "SNR_-8": {
        "validation_accuracy": 54.416666666666664
    },
    "SNR_-6": {
        "validation_accuracy": 69.08333333333333
    },
    "SNR_-4": {
        "validation_accuracy": 79.375
    },
    "SNR_-2": {
        "validation_accuracy": 85.29166666666667
    },
    "SNR_0": {
        "validation_accuracy": 90.41666666666667
    },
    "SNR_2": {
        "validation_accuracy": 92.45833333333333
    },
    "SNR_4": {
        "validation_accuracy": 92.83333333333333
    },
    "SNR_6": {
        "validation_accuracy": 94.125
    },
    "SNR_8": {
        "validation_accuracy": 90.875
    },
    "SNR_10": {
        "validation_accuracy": 90.25
    },
    "SNR_12": {
        "validation_accuracy": 91.08333333333333
    },
    "SNR_14": {
        "validation_accuracy": 90.29166666666667
    },
    "SNR_16": {
        "validation_accuracy": 90.58333333333333
    },
    "SNR_18": {
        "validation_accuracy": 90.75
    }
}