{
    "train_losses": [
        1.3595494028149229,
        1.2157765233588942,
        1.186441527597832,
        1.164242953011484,
        1.1408092196637933,
        1.125898053414894,
        1.112298635078199,
        1.1046854695984811,
        1.0955772528937369,
        1.0891109046502547,
        1.0843440474885884,
        1.0793285346175685,
        1.0763261562694202,
        1.0728605702573604,
        1.0694902186104747,
        1.0663302934820003,
        1.0627418443650911,
        1.0608936930569735,
        1.061031640587431,
        1.0593124785278782,
        1.0565298312794078,
        1.058361506765539,
        1.0548905822002526,
        1.0299081434336577,
        1.0249987283764463,
        1.0223513891624683,
        1.0220103431470466,
        1.0178191146561593,
        1.0186764359618679,
        1.0157943294698542,
        0.99887070832108,
        0.994650762760278,
        0.9934287192604758,
        0.9914939964178837,
        0.9900019689617735,
        0.9887936440670129,
        0.977566320289265,
        0.9739619773806948,
        0.9732228375781666,
        0.9709352464964895,
        0.9705959317322933,
        0.9679674610080141,
        0.9618368803371082,
        0.9602760622140133,
        0.9589556783762845,
        0.9590648624535763,
        0.9577509191541961,
        0.9563688792026405,
        0.9515842986684857,
        0.9509744697628599,
        0.951366572524562
    ],
    "val_losses": [
        1.208367530822754,
        1.1671674256758255,
        1.153020098512823,
        1.1357397010976618,
        1.1113059924732556,
        1.1093558162342418,
        1.1250248159928755,
        1.1060119101784447,
        1.1011705086447976,
        1.0865488689162515,
        1.0745641867897728,
        1.0742714115489613,
        1.0782676082957874,
        1.0853378855098377,
        1.0734847466728905,
        1.0776191618659279,
        1.061617298299616,
        1.0795460922067817,
        1.063845507881858,
        1.064275995167819,
        1.0680034470558166,
        1.079797794342041,
        1.094614558393305,
        1.0397180044867775,
        1.0473166094693271,
        1.0472774912660772,
        1.044739903233268,
        1.0520176194797863,
        1.053134596824646,
        1.0457910923957825,
        1.0419431776566939,
        1.048062188581987,
        1.0447494593533602,
        1.0460335553776134,
        1.0454491178339178,
        1.049934368393638,
        1.0482074315764687,
        1.0513234040953896,
        1.0506372744820334,
        1.0531526055769487,
        1.0567385505329479,
        1.055406491799788,
        1.0577708180167458,
        1.0613696250915527,
        1.0602739222266457,
        1.0605344779274681,
        1.0634970626831055,
        1.0654776417125356,
        1.0660384698347611,
        1.0698996559489857,
        1.0665879404761573
    ],
    "val_accs": [
        0.5415,
        0.5620454545454545,
        0.5657045454545454,
        0.5835,
        0.5923409090909091,
        0.5916590909090909,
        0.5970909090909091,
        0.600840909090909,
        0.5904090909090909,
        0.6059318181818182,
        0.6123636363636363,
        0.6129318181818182,
        0.6111363636363636,
        0.6073863636363637,
        0.6140454545454546,
        0.6053863636363637,
        0.6170909090909091,
        0.6044318181818182,
        0.6056136363636364,
        0.6127272727272727,
        0.6105909090909091,
        0.6022727272727273,
        0.6038181818181818,
        0.62425,
        0.6216590909090909,
        0.6219772727272728,
        0.6226136363636363,
        0.6228181818181818,
        0.6215227272727273,
        0.6218863636363636,
        0.6253181818181818,
        0.6224318181818181,
        0.6247727272727273,
        0.6227954545454546,
        0.6236590909090909,
        0.61525,
        0.6241818181818182,
        0.6228863636363636,
        0.6227727272727273,
        0.6240454545454546,
        0.6241136363636364,
        0.624,
        0.624,
        0.6235227272727273,
        0.6241818181818182,
        0.6230227272727272,
        0.6224545454545455,
        0.6223863636363637,
        0.6240454545454546,
        0.6227045454545455,
        0.6235454545454545
    ]
}